customer_id,name,email,city,country,signup_date
1,Avery Johnson,avery.johnson1@example.com,Leeds,United Kingdom,12/23/2018
2,Rowan Allen,rowan.allen2@example.com,Melbourne,AU,2024-08-10
3,Drew Ramirez,drew.ramirez3@example.com,Leeds,uk,2021-11-09
4,Aisha Davis,aisha.davis4@example.com,Berlin,DE,2024-06-22
5,Harper Garcia,harper.garcia5@example.com,Seattle,U.S.A.,2021-12-26
6,Morgan Hill,morgan.hill6@example.com,Melbourne,Australia,2024-03-31
7,Taylor Anderson,taylor.anderson7@example.com,Calgary,canada,2021-07-12
8,Zion Martinez,zion.martinez8@example.com,Glasgow,U.K.,2019-07-21
9,Avery Martinez,avery.martinez9@example.com,Cologne,Germany,2020-10-26
10,Avery Wright,avery.wright10@example.com,Toronto,canada,2020-12-14
11,Riley Martin,riley.martin11@example.com,Adelaide,Australia,2023-12-13
12,Avery White,avery.white12@example.com,Vancouver,Canada,2023-06-14
13,Quinn Rodriguez,quinn.rodriguez13@example.com,Melbourne,australia,2024-01-18
14,River White,river.white14@example.com,Perth,Australia,2024-03-18
15,Taylor Anderson,taylor.anderson15@example.com,Philadelphia,USA,2024-01-18
16,Priya Thomas,priya.thomas16@example.com,Munich,Germany,2023-03-28
17,Riley Brown,riley.brown17@example.com,Toronto,Canada,2020-01-22
18,Wren Scott,wren.scott18@example.com,Sydney,Australia,2023-06-13
19,  Drew Harris ,drew.harris19@example.com,Hamburg,Deutschland,2024-03-26
20,Reese Brown,reese.brown20@example.com,Sydney,AU,2023-12-16
21,Cameron Jones,cameron.jones21@example.com,Bristol,UK,2018-06-12
22,Mateo Lee,mateo.lee22@example.com,Edinburgh,United Kingdom,2023-02-16
23,Zion Flores,zion.flores23@example.com,Los Angeles,us,2018-10-09
24,Aisha Martin,aisha.martin24@example.com,Sydney,AU,2019-07-05
25,Skyler Moore,skyler.moore25@example.com,Edinburgh,United Kingdom,2020-10-25
26,Toby Moore,toby.moore26@example.com,Vancouver,CA,2022-10-18
27,Skyler Wright,skyler.wright27@example.com,Ottawa,CA,2018-06-13
28,Riley Thompson,riley.thompson28@example.com,Cologne,germany,12/27/2019
29,Logan Clark,logan.clark29@example.com,Glasgow,United Kingdom,2023-04-12
30,Jamie Anderson,jamie.anderson30@example.com,Bristol,uk,2021-12-09
31,Aisha Perez,aisha.perez31@example.com,Phoenix,usa,2024-09-09
32,Lena Allen,,Melbourne,australia,
33,Aisha Gonzalez,aisha.gonzalez33@example.com,Philadelphia,us,2021-05-15
34,Harper Scott,harper.scott34@example.com,Frankfurt,germany,2018-01-02
35,Lena Lee,lena.lee35@example.com,Munich,Deutschland,2018-12-14
36,Casey Thomas,,Leeds,United Kingdom,2020-09-29
37,Zion Clark,zion.clark37@example.com,Melbourne,AU,2018-01-23
38,Toby Anderson,toby.anderson38@example.com,Perth,Australia,2019-07-01
39,Lena Lee,lena.lee39@example.com,Cologne,Deutschland,2023-04-29
40,Finley King,finley.king40@example.com,Glasgow,U.K.,2021-08-02
41,Parker Martinez,parker.martinez41@example.com,Seattle,United States,2022-09-17
42,Sam Torres,sam.torres42@example.com,Philadelphia,U.S.A.,2022-09-13
43,Rowan Young,rowan.young43@example.com,Frankfurt,Germany,2019-11-08
44,Aisha Johnson,,Adelaide,AU,2022-10-22
45,Parker Lee,parker.lee45@example.com,Montreal,canada,2018-12-02
46,Micah Anderson,micah.anderson46@example.com,New York,usa,2019-06-02
47,Zion Taylor,zion.taylor47@example.com,Manchester,United Kingdom,2021-07-01
48,Hayden Jones,hayden.jones48@example.com,Manchester,uk,2024-05-07
49,Noel Jones,noel.jones49@example.com,Toronto,canada,2023-02-27
50,Finley Flores,finley.flores50@example.com,Perth,australia,2020-10-02
51,Sage Robinson,sage.robinson51@example.com,Hamburg,Germany,2021-12-24
52,  Finley Scott ,finley.scott52@example.com,Manchester,United Kingdom,2023-05-05
53,Casey Jackson,casey.jackson53@example.com,Glasgow,uk,2024-03-04
54,Emerson Anderson,emerson.anderson54@example.com,Edinburgh,UK,2020-02-24
55,Mateo Hill,MATEO.HILL55@EXAMPLE.COM,Houston,U.S.A.,12/28/2023
56,Harper Rodriguez,harper.rodriguez56@example.com,Berlin,Germany,2020-01-26
57,Avery Jones,avery.jones57@example.com,Austin,USA,2018-12-15
58,Lena Hill,lena.hill58@example.com,Bristol,U.K.,2022-10-23
59,Riley Wilson,riley.wilson59@example.com,Toronto,Canada,2022-08-01
60,Rowan Jackson,rowan.jackson60@example.com,Berlin,germany,2020-03-21
61,Finley Martinez,finley.martinez61@example.com,Glasgow,uk,2022-07-07
62,Casey Hill,,Hamburg,DE,2020-07-26
63,Sam Moore,sam.moore63@example.com,Liverpool,U.K.,2023-07-08
64,Kai Miller,kai.miller64@example.com,Calgary,CA,2024-03-03
65,Avery Sanchez,avery.sanchez65@example.com,Boston,United States,2023-08-04
66,Yuki Rodriguez,,Frankfurt,Germany,2024-10-29
67,Alex Scott,alex.scott67@example.com,Manchester,U.K.,2021-04-10
68,Priya Thomas,priya.thomas68@example.com,Bristol,United Kingdom,2018-10-13
69,Olu Moore,olu.moore69@example.com,Montreal,CA,2023-01-04
70,Aisha Harris,aisha.harris70@example.com,Vancouver,CA,2022-08-10
71,Parker Harris,parker.harris71@example.com,Liverpool,UK,2019-02-16
72,Zion Smith,zion.smith72@example.com,Munich,Germany,2022-06-17
73,Aisha Harris,aisha.harris73@example.com,Cologne,Germany,2021-03-23
74,Riley Miller,riley.miller74@example.com,Toronto,Canada,2022-10-31
75,Cameron Hernandez,cameron.hernandez75@example.com,Perth,AU,2020-08-09
76,Alex Robinson,alex.robinson76@example.com,Melbourne,Australia,2022-10-04
77,Parker Walker,parker.walker77@example.com,Cologne,DE,2022-06-10
78,Taylor Hill,taylor.hill78@example.com,Vancouver,CA,2020-10-23
79,Quinn Miller,,Phoenix,United States,2022-02-03
80,Shay Lopez,shay.lopez80@example.com,Brisbane,AU,2023-05-28
81,Avery Robinson,avery.robinson81@example.com,Leeds,U.K.,
82,Zion White,zion.white82@example.com,Ottawa,canada,2020-08-15
83,Kai Flores,kai.flores83@example.com,Denver,U.S.A.,2018-06-02
84,Aisha Rodriguez,aisha.rodriguez84@example.com,Ottawa,canada,2019-02-10
85,Finley Williams,finley.williams85@example.com,Liverpool,U.K.,2022-02-13
86,River Moore,river.moore86@example.com,Denver,USA,2018-03-29
87,Ingrid Wilson,ingrid.wilson87@example.com,Melbourne,AU,2019-08-28
88,Skyler Rodriguez,skyler.rodriguez88@example.com,Manchester,UK,2024-08-08
89,Shay King,shay.king89@example.com,Denver,United States,2023-08-26
90,Mateo Martin,mateo.martin90@example.com,New York,United States,2022-12-22
91,Morgan Rodriguez,morgan.rodriguez91@example.com,Adelaide,AU,2023-02-02
92,Avery Scott,avery.scott92@example.com,Bristol,U.K.,2022-06-22
93,Emerson White,emerson.white93@example.com,Berlin,Germany,2022-03-07
94,Yuki Scott,yuki.scott94@example.com,Seattle,U.S.A.,2018-07-30
95,Ingrid Allen,ingrid.allen95@example.com,Munich,Germany,2021-02-15
96,Diego Flores,diego.flores96@example.com,Sydney,AU,2020-01-09
97,Micah Smith,micah.smith97@example.com,Bristol,UK,2023-12-13
98,Noel Martin,noel.martin98@example.com,Adelaide,Australia,2018-07-23
99,Wei Hill,wei.hill99@example.com,Vancouver,CA,2024-08-26
100,River Hill,river.hill100@example.com,Glasgow,United Kingdom,
101,Cameron Rodriguez,cameron.rodriguez101@example.com,Edinburgh,UK,2023-02-27
102,Ingrid Sanchez,ingrid.sanchez102@example.com,Hamburg,Germany,2024-12-06
103,Toby Miller,toby.miller103@example.com,Perth,AU,2020-06-26
104,Avery King,avery.king104@example.com,Montreal,CA,2019-02-26
105,Morgan Lopez,morgan.lopez105@example.com,Frankfurt,Deutschland,2021-08-16
106,Morgan Walker,morgan.walker106@example.com,Montreal,CA,2023-01-26
107,Casey Flores,casey.flores107@example.com,Frankfurt,Germany,2021-08-09
108,Wren Miller,wren.miller108@example.com,Toronto,CA,2022-12-05
109,Harper Harris,harper.harris109@example.com,Ottawa,Canada,2019-01-23
110,Lena Martinez,lena.martinez110@example.com,Melbourne,australia,2019-06-13
111,Parker Perez,PARKER.PEREZ111@EXAMPLE.COM,Sydney,AU,2021-06-19
112,Wei Gonzalez,wei.gonzalez112@example.com,Birmingham,UK,2024-01-20
113,Logan Flores,logan.flores113@example.com,Munich,germany,11/10/2019
114,Sage Lewis,sage.lewis114@example.com,Munich,germany,2020-03-05
115,Zion Jackson,zion.jackson115@example.com,Adelaide,australia,2019-07-21
116,Noel Scott,noel.scott116@example.com,Sydney,australia,2023-10-04
117,Rowan Lewis,rowan.lewis117@example.com,Seattle,USA,12/01/2018
118,Logan Martinez,logan.martinez118@example.com,Calgary,CA,
119,Emerson Wilson,emerson.wilson119@example.com,Adelaide,AU,2019-05-15
120,Zion Jones,zion.jones120@example.com,Cologne,Germany,2021-04-08
121,Shay Lopez,shay.lopez121@example.com,Boston,U.S.A.,2023-09-11
122,Parker White,parker.white122@example.com,Philadelphia,USA,2024-07-11
123,Aisha Perez,aisha.perez123@example.com,Liverpool,U.K.,2023-02-18
124,Jordan Lee,jordan.lee124@example.com,Perth,AU,2021-03-17
125,Logan Moore,logan.moore125@example.com,Calgary,canada,2020-02-05
126,Mateo Moore,mateo.moore126@example.com,Berlin,Deutschland,2021-08-08
127,Wren Hill,wren.hill127@example.com,Liverpool,uk,2024-11-23
128,Taylor Jones,taylor.jones128@example.com,Hamburg,germany,2022-11-30
129,Noel White,noel.white129@example.com,Sydney,AU,2022-12-24
130,River Lee,river.lee130@example.com,Manchester,UK,2024-04-19
131,Reese Flores,reese.flores131@example.com,Munich,Germany,2022-12-29
132,Kai Thompson,kai.thompson132@example.com,Adelaide,australia,2019-12-15
133,Hayden Rodriguez,hayden.rodriguez133@example.com,Berlin,DE,2024-03-09
134,River Walker,river.walker134@example.com,Cologne,Germany,2023-03-24
135,Yuki Nguyen,yuki.nguyen135@example.com,Bristol,UK,2019-10-26
136,Mateo Jackson,mateo.jackson136@example.com,Vancouver,CA,2024-11-21
137,Hiro Martinez,hiro.martinez137@example.com,Adelaide,australia,2018-04-27
138,Emerson Wilson,emerson.wilson138@example.com,Cologne,Germany,2021-05-22
139,Jamie Robinson,jamie.robinson139@example.com,Chicago,United States,2019-08-12
140,Micah Sanchez,micah.sanchez140@example.com,Ottawa,CA,2023-01-16
141,Parker Flores,parker.flores141@example.com,Edinburgh,uk,2023-03-28
142,River Allen,,Leeds,uk,2021-02-26
143,Priya Jackson,priya.jackson143@example.com,Seattle,usa,2022-02-07
144,Noel Scott,noel.scott144@example.com,Cologne,Deutschland,2024-11-07
145,Logan Scott,logan.scott145@example.com,Leeds,U.K.,2021-09-26
146,Olu Rodriguez,olu.rodriguez146@example.com,Brisbane,Australia,2024-08-28
147,Ingrid Martin,ingrid.martin147@example.com,Philadelphia,U.S.A.,2018-04-20
148,Hiro Torres,hiro.torres148@example.com,Austin,United States,2022-04-07
149,  Avery Gonzalez ,avery.gonzalez149@example.com,Calgary,Canada,2024-11-09
150,Taylor Rodriguez,taylor.rodriguez150@example.com,Brisbane,AU,2023-02-26
151,Emerson Flores,emerson.flores151@example.com,Glasgow,uk,2021-03-29
152,Priya Thompson,priya.thompson152@example.com,Montreal,Canada,2022-06-05
153,Harper Williams,harper.williams153@example.com,Philadelphia,United States,2024-01-16
154,Riley Flores,riley.flores154@example.com,Leeds,UK,2018-08-04
155,Quinn Smith,quinn.smith155@example.com,Bristol,U.K.,2021-08-08
156,Ingrid Anderson,ingrid.anderson156@example.com,Chicago,United States,2022-06-15
157,  Harper Williams ,harper.williams157@example.com,Adelaide,Australia,2024-02-04
158,Olu Robinson,olu.robinson158@example.com,Philadelphia,usa,2018-02-27
159,Hayden Lopez,hayden.lopez159@example.com,Frankfurt,DE,2019-07-30
160,Parker Thomas,parker.thomas160@example.com,Montreal,canada,2022-01-12
161,Jamie Hernandez,jamie.hernandez161@example.com,Brisbane,AU,2024-11-22
162,Zion Hill,zion.hill162@example.com,Perth,AU,2024-09-06
163,Noel Jones,noel.jones163@example.com,New York,us,2019-11-05
164,Reese Nguyen,reese.nguyen164@example.com,Perth,Australia,2018-08-25
165,Sam Sanchez,sam.sanchez165@example.com,Houston,us,2024-01-26
166,Priya Williams,priya.williams166@example.com,Birmingham,U.K.,2022-03-27
167,Aisha Rodriguez,aisha.rodriguez167@example.com,Toronto,Canada,2020-07-01
168,Zion Wright,zion.wright168@example.com,Munich,germany,2019-04-08
169,Sam Thomas,sam.thomas169@example.com,Austin,USA,2020-09-29
170,Reese Brown,reese.brown170@example.com,Vancouver,CA,2021-08-06
171,Mateo Anderson,mateo.anderson171@example.com,Toronto,CA,10/16/2022
172,Parker King,parker.king172@example.com,Frankfurt,germany,2020-09-14
173,Zion Brown,zion.brown173@example.com,Cologne,germany,2018-11-20
174,Hayden Brown,hayden.brown174@example.com,Adelaide,Australia,2024-04-08
175,Jamie Smith,jamie.smith175@example.com,Manchester,U.K.,2022-06-13
176,Parker Robinson,parker.robinson176@example.com,Montreal,canada,2023-04-08
177,Kai Clark,kai.clark177@example.com,Birmingham,UK,2022-09-07
178,Ingrid Thomas,ingrid.thomas178@example.com,Montreal,canada,2019-11-21
179,Aisha Young,,Sydney,AU,2018-11-01
180,Shay Rodriguez,,Manchester,United Kingdom,2023-09-03
181,Diego Walker,diego.walker181example.com,New York,us,2023-12-09
182,Olu Ramirez,olu.ramirez182@example.com,Manchester,UK,2020-10-30
183,Noel Sanchez,noel.sanchez183@example.com,Leeds,uk,2018-05-10
184,Taylor Smith,taylor.smith184@example.com,Denver,United States,2019-01-26
185,Ingrid Walker,ingrid.walker185@example.com,Phoenix,us,
186,Skyler Sanchez,skyler.sanchez186@example.com,Vancouver,CA,2024-01-24
187,Casey Allen,casey.allen187@example.com,Toronto,Canada,2024-11-19
188,Sam Moore,sam.moore188@example.com,Frankfurt,germany,2024-07-27
189,Sage Jones,sage.jones189@example.com,Bristol,United Kingdom,2018-01-22
190,Riley Rodriguez,riley.rodriguez190@example.com,Frankfurt,Deutschland,2024-09-11
191,Harper Clark,harper.clark191@example.com,Boston,usa,2019-07-23
192,Drew Ramirez,drew.ramirez192@example.com,Calgary,Canada,2023-07-24
193,Jamie Smith,jamie.smith193@example.com,Ottawa,canada,2024-08-31
194,Hayden Walker,hayden.walker194@example.com,Hamburg,DE,2020-09-19
195,Noel Davis,noel.davis195@example.com,Birmingham,UK,2022-12-01
196,Shay Young,shay.young196@example.com,Vancouver,canada,2018-10-30
197,Aisha Allen,aisha.allen197@example.com,Cologne,Germany,2024-01-09
198,Sage Thompson,sage.thompson198@example.com,Sydney,AU,2021-09-20
199,Emerson Anderson,emerson.anderson199@example.com,Adelaide,AU,2023-03-12
200,Micah Johnson,micah.johnson200@example.com,Calgary,Canada,2021-07-01
201,Micah Walker,micah.walker201@example.com,Hamburg,Germany,2021-11-06
202,Sage King,sage.king202@example.com,Edinburgh,U.K.,2020-01-26
203,Diego Gonzalez,diego.gonzalez203@example.com,Frankfurt,Germany,2018-09-14
204,Noel Lee,noel.lee204@example.com,Phoenix,United States,2024-11-08
205,Zion Flores,zion.flores205@example.com,Ottawa,CA,2021-06-04
206,Parker Clark,parker.clark206@example.com,Perth,australia,2019-12-11
207,Kai Lewis,kai.lewis207@example.com,Toronto,canada,2023-09-02
208,Wren Young,wren.young208@example.com,Sydney,Australia,2019-11-20
209,Wei Scott,wei.scott209@example.com,Sydney,australia,2018-06-20
210,Toby Miller,toby.miller210@example.com,Glasgow,UK,2022-12-04
211,Reese Nguyen,reese.nguyen211@example.com,Perth,Australia,2018-09-01
212,Drew Lee,drew.lee212@example.com,Montreal,CA,2019-01-26
213,Taylor Moore,taylor.moore213@example.com,Birmingham,United Kingdom,2022-05-28
214,Shay Harris,shay.harris214@example.com,Seattle,us,2023-02-06
199,Casey Robinson,casey.robinson199@example.com,Toronto,CA,2023-07-20
216,Ingrid Rodriguez,,Hamburg,Germany,
217,Drew Lewis,drew.lewis217@example.com,Munich,germany,2021-01-27
218,Drew Brown,DREW.BROWN218@EXAMPLE.COM,Vancouver,canada,2023-05-08
219,  Wren Smith ,wren.smith219@example.com,Toronto,canada,2019-01-01
220,Jamie Rodriguez,jamie.rodriguez220example.com,Birmingham,UK,2019-11-04
221,Skyler Clark,skyler.clark221@example.com,Munich,Germany,2022-04-22
222,Sage Moore,sage.moore222@example.com,Glasgow,UK,2023-10-22
223,Taylor Thomas,taylor.thomas223@example.com,Houston,United States,2018-02-19
224,Ingrid Clark,,Liverpool,UK,
225,Taylor Sanchez,taylor.sanchez225@example.com,Perth,australia,2024-11-28
226,Reese Martinez,reese.martinez226@example.com,Cologne,Germany,2020-09-04
227,Zion Flores,,Vancouver,Canada,2019-07-17
228,Mateo King,mateo.king228@example.com,Vancouver,canada,04/29/2019
229,Finley King,finley.king229@example.com,Sydney,australia,2024-05-10
230,Ingrid Davis,ingrid.davis230example.com,Sydney,Australia,2018-07-08
231,Jordan Scott,jordan.scott231@example.com,Munich,DE,2018-11-16
232,Taylor Lopez,taylor.lopez232@example.com,Sydney,australia,2021-06-26
233,Hayden Jackson,hayden.jackson233@example.com,Ottawa,Canada,2020-03-11
234,Skyler Smith,skyler.smith234@example.com,Houston,us,
235,Jamie Miller,jamie.miller235@example.com,Bristol,U.K.,2021-02-20
236,Mateo Clark,mateo.clark236@example.com,Calgary,CA,2022-06-04
237,Quinn Thomas,quinn.thomas237@example.com,Calgary,CA,2020-08-14
238,Hiro Miller,hiro.miller238@example.com,Liverpool,U.K.,2020-04-30
239,Casey Hernandez,casey.hernandez239@example.com,Ottawa,Canada,2020-10-13
240,Jamie Taylor,jamie.taylor240@example.com,London,U.K.,2019-01-23
241,Alex Brown,alex.brown241@example.com,Birmingham,United Kingdom,2018-12-11
242,Sam Jones,sam.jones242@example.com,Munich,Germany,2018-06-24
243,Toby Sanchez,toby.sanchez243@example.com,Frankfurt,germany,01/01/2023
244,Sage Jackson,sage.jackson244@example.com,Perth,Australia,2023-11-24
245,Sam Harris,sam.harris245@example.com,Calgary,CA,2021-08-10
246,Rowan Johnson,rowan.johnson246@example.com,Toronto,canada,2019-10-16
247,Taylor Anderson,taylor.anderson247@example.com,Hamburg,germany,01/09/2022
248,Ingrid Torres,ingrid.torres248@example.com,Liverpool,uk,2024-09-30
236,Diego Gonzalez,diego.gonzalez236@example.com,Vancouver,canada,2019-08-04
250,Morgan White,morgan.white250@example.com,Cologne,Germany,2022-11-25
251,Cameron Scott,cameron.scott251@example.com,Brisbane,Australia,2021-04-21
252,Ingrid Sanchez,ingrid.sanchez252@example.com,Sydney,Australia,2020-06-23
253,Logan Jones,logan.jones253@example.com,Vancouver,CA,2021-10-07
254,Morgan Thompson,morgan.thompson254@example.com,New York,USA,2022-08-23
255,Riley Walker,riley.walker255@example.com,Melbourne,Australia,2018-03-24
256,Drew Harris,drew.harris256@example.com,Boston,USA,2018-05-07
257,Toby Hernandez,toby.hernandez257@example.com,Vancouver,Canada,2024-01-22
258,Taylor Sanchez,taylor.sanchez258@example.com,Munich,Germany,2024-09-24
259,Harper Garcia,harper.garcia259@example.com,Phoenix,United States,2024-02-07
260,Cameron Lewis,cameron.lewis260@example.com,Frankfurt,DE,2019-02-01
261,Hiro Anderson,hiro.anderson261@example.com,Cologne,Deutschland,2024-06-03
262,Jordan Allen,jordan.allen262@example.com,Adelaide,AU,2023-01-14
263,Hayden Rodriguez,hayden.rodriguez263@example.com,Seattle,usa,2020-11-22
264,Casey Harris,CASEY.HARRIS264@EXAMPLE.COM,Brisbane,australia,2024-12-27
265,Skyler Martinez,skyler.martinez265@example.com,Sydney,Australia,2024-01-03
266,Wei Torres,wei.torres266@example.com,Chicago,U.S.A.,2022-07-04
267,Sage Brown,sage.brown267@example.com,Montreal,Canada,2023-07-07
268,Rowan Rodriguez,rowan.rodriguez268@example.com,Hamburg,DE,2022-12-15
269,Mateo White,mateo.white269@example.com,Melbourne,Australia,11/18/2023
270,Hayden Brown,hayden.brown270@example.com,Berlin,DE,2023-08-31
271,Sage White,sage.white271@example.com,Munich,Deutschland,2020-11-25
272,Parker Brown,parker.brown272@example.com,Melbourne,Australia,2022-08-05
273,Alex Walker,alex.walker273@example.com,London,United Kingdom,2021-02-01
274,Emerson Wilson,emerson.wilson274example.com,Adelaide,australia,2022-03-13
275,Riley Walker,riley.walker275@example.com,Montreal,canada,2021-05-08
276,Taylor Hill,,Vancouver,CA,2023-07-31
277,Parker Williams,parker.williams277@example.com,Melbourne,australia,2023-05-03
278,Drew Scott,drew.scott278@example.com,Denver,usa,2020-01-20
279,Rowan Thompson,rowan.thompson279@example.com,Calgary,canada,2019-04-28
280,Diego Jones,diego.jones280@example.com,Manchester,U.K.,2019-09-10
281,Ingrid Robinson,ingrid.robinson281@example.com,Manchester,U.K.,
282,Drew Torres,drew.torres282@example.com,Berlin,germany,05/10/2023
283,Noel Smith,noel.smith283@example.com,Melbourne,Australia,2021-11-11
284,Jamie Hernandez,jamie.hernandez284@example.com,Phoenix,U.S.A.,2022-11-12
285,Wei Thompson,wei.thompson285@example.com,Bristol,UK,2018-03-31
286,Jordan Harris,,Ottawa,CA,2018-07-16
287,Avery Clark,avery.clark287@example.com,Boston,U.S.A.,2018-02-08
288,Finley Flores,finley.flores288@example.com,Bristol,UK,2019-03-12
289,Mateo Gonzalez,,Hamburg,germany,2023-07-27
290,  Sage Smith ,sage.smith290@example.com,Los Angeles,us,2023-09-27
291,Rowan Robinson,rowan.robinson291@example.com,Montreal,canada,2021-04-05
292,Avery Miller,avery.miller292@example.com,New York,usa,2022-11-28
293,Noel Perez,noel.perez293@example.com,Frankfurt,Deutschland,2022-09-24
294,Taylor Hernandez,taylor.hernandez294@example.com,Perth,AU,2022-01-08
295,Quinn Walker,,Seattle,United States,12/07/2020
296,Mateo Torres,mateo.torres296@example.com,Edinburgh,UK,2022-04-26
297,  Diego Brown ,diego.brown297@example.com,Liverpool,U.K.,2020-09-13
298,Yuki Harris,yuki.harris298@example.com,Manchester,U.K.,2023-08-04
299,Sam Miller,,Boston,us,2019-01-08
300,Olu Scott,olu.scott300@example.com,Hamburg,DE,2021-09-21
301,Noel Lewis,noel.lewis301@example.com,London,uk,2024-02-22
302,Drew Young,drew.young302@example.com,Berlin,DE,2022-05-29
303,Logan Miller,logan.miller303@example.com,Austin,USA,2023-08-28
304,Taylor Scott,taylor.scott304@example.com,Perth,AU,2019-12-13
305,Lena Hill,lena.hill305@example.com,Perth,australia,2021-01-25
306,Quinn Rodriguez,quinn.rodriguez306@example.com,Brisbane,AU,2024-03-17
307,Harper Thompson,harper.thompson307@example.com,Birmingham,uk,2024-07-15
308,Aisha Jackson,,Berlin,Germany,2019-08-19
309,Drew Jackson,drew.jackson309@example.com,London,uk,2023-01-28
310,Rowan Scott,rowan.scott310@example.com,Brisbane,AU,2021-07-04
311,Hayden Flores,hayden.flores311@example.com,Munich,DE,2020-03-03
312,Cameron Lopez,cameron.lopez312@example.com,Seattle,USA,07/20/2024
313,Skyler Williams,skyler.williams313@example.com,Ottawa,Canada,2021-05-18
314,Kai King,kai.king314@example.com,Manchester,United Kingdom,2020-06-25
315,Harper Wilson,harper.wilson315@example.com,Adelaide,australia,2018-02-06
316,Diego Flores,diego.flores316@example.com,Philadelphia,United States,01/22/2024
317,Noel Allen,noel.allen317@example.com,Frankfurt,Germany,2018-12-04
318,  Aisha Wright ,aisha.wright318@example.com,Houston,usa,2024-01-12
319,Toby Jones,toby.jones319@example.com,London,U.K.,2019-12-31
320,Rowan Taylor,rowan.taylor320@example.com,Frankfurt,Deutschland,2018-01-25
321,Hiro Williams,hiro.williams321@example.com,Philadelphia,us,2018-12-21
322,Sam Walker,sam.walker322@example.com,Birmingham,U.K.,2019-08-14
323,Noel Smith,,Melbourne,Australia,2024-06-03
324,Jamie Wilson,jamie.wilson324@example.com,Vancouver,canada,2020-01-24
325,Cameron Torres,cameron.torres325@example.com,Perth,AU,2019-02-07
326,Micah Rodriguez,micah.rodriguez326@example.com,Manchester,uk,2023-01-20
327,Skyler Torres,,Calgary,Canada,2020-10-05
328,Finley White,finley.white328@example.com,Calgary,canada,2019-03-22
329,Quinn Wright,quinn.wright329@example.com,Los Angeles,USA,2024-06-29
330,Yuki Taylor,yuki.taylor330@example.com,Perth,AU,2024-08-12
331,Olu Garcia,olu.garcia331@example.com,Sydney,AU,2019-11-11
332,Ingrid Torres,,Liverpool,uk,2023-06-21
333,Reese King,reese.king333@example.com,Calgary,canada,2021-08-20
334,Finley Taylor,finley.taylor334@example.com,Melbourne,australia,2018-11-15
335,Mateo Sanchez,mateo.sanchez335example.com,Calgary,canada,2019-07-24
336,Finley Wilson,finley.wilson336@example.com,Edinburgh,UK,2019-04-10
337,  Drew Clark ,drew.clark337@example.com,Chicago,us,2024-06-02
338,Mateo Sanchez,mateo.sanchez338@example.com,Sydney,AU,2020-06-06
339,Drew Anderson,drew.anderson339@example.com,Melbourne,AU,2020-12-19
340,Lena Nguyen,lena.nguyen340@example.com,Frankfurt,germany,2023-08-28
341,Cameron Walker,cameron.walker341@example.com,Sydney,AU,2019-06-18
335,Toby King,toby.king335@example.com,Boston,United States,2022-04-11
343,Ingrid Miller,ingrid.miller343@example.com,Calgary,Canada,2024-02-06
344,Alex Torres,alex.torres344@example.com,Sydney,australia,2022-01-23
345,Emerson Wright,emerson.wright345@example.com,Ottawa,canada,2024-03-11
346,Yuki Walker,yuki.walker346@example.com,Ottawa,canada,2019-05-03
347,Drew Miller,DREW.MILLER347@EXAMPLE.COM,Hamburg,Germany,2019-01-09
348,Casey Jones,,Toronto,CA,2022-04-24
349,Harper Hill,,Liverpool,U.K.,10/24/2023
350,Mateo Anderson,mateo.anderson350@example.com,Philadelphia,usa,2021-02-04
351,Hiro Gonzalez,hiro.gonzalez351@example.com,Los Angeles,us,2021-11-26
352,Hayden Robinson,hayden.robinson352@example.com,Sydney,australia,2023-08-23
353,Emerson Wright,emerson.wright353@example.com,Brisbane,AU,2020-09-23
354,Zion Nguyen,zion.nguyen354@example.com,Berlin,DE,2020-07-30
355,Aisha Smith,aisha.smith355@example.com,Vancouver,canada,2018-11-08
356,Reese Torres,reese.torres356@example.com,Liverpool,United Kingdom,2020-07-27
357,Skyler Miller,,Denver,us,2024-01-27
358,Kai Young,kai.young358@example.com,Brisbane,australia,2022-06-18
359,Toby Walker,toby.walker359@example.com,Boston,U.S.A.,2019-05-09
360,Alex Wilson,alex.wilson360@example.com,Philadelphia,U.S.A.,2020-08-29
361,Cameron Young,cameron.young361@example.com,Hamburg,DE,2019-06-22
362,Finley Thomas,finley.thomas362@example.com,Munich,germany,2018-02-09
363,Mateo Wright,mateo.wright363@example.com,Hamburg,DE,2019-11-01
364,Riley Lewis,riley.lewis364@example.com,Montreal,canada,2018-03-23
365,Lena Gonzalez,lena.gonzalez365@example.com,Melbourne,australia,2023-01-05
366,Skyler Hernandez,skyler.hernandez366@example.com,Calgary,CA,2018-11-21
367,Harper Moore,harper.moore367@example.com,Hamburg,Deutschland,2023-11-04
368,Sam Rodriguez,sam.rodriguez368@example.com,Toronto,Canada,04/23/2023
369,Casey Miller,casey.miller369@example.com,Manchester,U.K.,2019-06-02
370,Micah Lee,micah.lee370@example.com,Cologne,DE,2024-01-18
371,Ingrid Ramirez,ingrid.ramirez371@example.com,Brisbane,australia,2021-06-15
372,Alex King,alex.king372example.com,Edinburgh,uk,2023-07-08
373,Toby Jackson,toby.jackson373@example.com,Boston,U.S.A.,2020-10-20
374,Parker Anderson,parker.anderson374@example.com,Munich,DE,2022-08-19
375,Avery Robinson,avery.robinson375example.com,Ottawa,canada,07/23/2018
376,Harper Moore,harper.moore376example.com,Berlin,germany,2020-06-08
377,Noel Robinson,noel.robinson377@example.com,Philadelphia,USA,2022-05-27
378,Emerson Harris,emerson.harris378@example.com,Houston,United States,2018-05-18
379,Reese Walker,reese.walker379@example.com,Montreal,Canada,2023-11-04
380,Noel Brown,noel.brown380@example.com,Manchester,United Kingdom,2021-02-04
381,Jordan Nguyen,jordan.nguyen381@example.com,Cologne,germany,2019-01-10
382,Taylor Brown,taylor.brown382@example.com,Manchester,United Kingdom,2021-11-23
383,Parker Thompson,parker.thompson383@example.com,Toronto,canada,2023-07-01
384,Zion Moore,zion.moore384@example.com,Adelaide,Australia,2020-12-14
385,Olu Harris,olu.harris385@example.com,Austin,U.S.A.,2024-01-17
386,Yuki Martinez,yuki.martinez386@example.com,Calgary,CA,2018-06-29
387,Hayden Miller,hayden.miller387@example.com,New York,us,2024-12-30
388,  Lena Jones ,lena.jones388@example.com,Liverpool,UK,2022-08-31
389,Diego Moore,diego.moore389@example.com,Phoenix,USA,2020-08-04
390,Sage Torres,sage.torres390@example.com,Bristol,UK,2022-10-16
391,River Allen,river.allen391@example.com,Liverpool,uk,2022-03-03
392,Kai Hill,kai.hill392@example.com,Melbourne,australia,2023-01-28
393,  Harper Hill ,harper.hill393@example.com,Glasgow,UK,2018-03-30
394,Yuki Allen,,Melbourne,Australia,2021-12-27
395,Sage Anderson,sage.anderson395@example.com,Toronto,CA,2021-08-22
396,Ingrid Miller,ingrid.miller396@example.com,Toronto,CA,2021-10-01
397,Avery Anderson,avery.anderson397@example.com,Sydney,AU,2018-06-18
398,Rowan Martinez,rowan.martinez398@example.com,Frankfurt,Germany,2019-06-26
399,Yuki Sanchez,yuki.sanchez399@example.com,Cologne,Deutschland,2024-04-09
400,Yuki Flores,yuki.flores400@example.com,Melbourne,Australia,2024-06-17
401,Micah Gonzalez,micah.gonzalez401@example.com,Sydney,australia,2022-12-17
402,Rowan Gonzalez,rowan.gonzalez402@example.com,Manchester,UK,2019-08-28
403,Avery Martin,avery.martin403@example.com,Philadelphia,usa,2020-11-25
404,Sam Harris,sam.harris404@example.com,Sydney,australia,2024-12-06
405,Morgan Harris,morgan.harris405@example.com,Toronto,Canada,2022-04-09
406,Wei Hill,wei.hill406@example.com,Leeds,U.K.,2023-12-09
407,Sam Thompson,sam.thompson407@example.com,Montreal,Canada,2018-09-11
408,Sam Scott,sam.scott408@example.com,Birmingham,uk,2022-04-15
409,Rowan Clark,rowan.clark409@example.com,Bristol,uk,2020-04-26
410,Hayden Rodriguez,hayden.rodriguez410@example.com,Melbourne,australia,2024-05-02
411,Avery Lopez,avery.lopez411@example.com,London,uk,2022-12-20
412,Finley Martinez,,Chicago,usa,2024-11-11
413,Lena Anderson,lena.anderson413@example.com,Philadelphia,USA,2024-10-12
414,Parker Young,,Leeds,United Kingdom,2018-03-03
415,Hayden Wilson,hayden.wilson415@example.com,Cologne,Deutschland,10/18/2022
416,Parker Lee,parker.lee416@example.com,Adelaide,AU,2023-11-03
417,Sage King,sage.king417@example.com,Boston,United States,2021-04-07
418,Harper Robinson,harper.robinson418@example.com,Ottawa,Canada,2023-01-25
419,Hiro Wright,,Hamburg,Deutschland,2023-02-02
420,Zion Garcia,zion.garcia420@example.com,Manchester,UK,2023-11-16
421,Diego Hernandez,diego.hernandez421@example.com,Berlin,germany,2019-09-07
422,Taylor Clark,taylor.clark422@example.com,Hamburg,germany,12/25/2024
423,Wei Wright,wei.wright423@example.com,Perth,Australia,2022-12-15
424,Yuki Moore,yuki.moore424@example.com,Melbourne,Australia,2019-08-19
425,Jamie Perez,jamie.perez425@example.com,Los Angeles,United States,2024-09-02
426,Hiro White,hiro.white426@example.com,Phoenix,U.S.A.,2022-10-17
427,Avery Moore,avery.moore427@example.com,Cologne,germany,2023-12-07
428,Harper Ramirez,harper.ramirez428@example.com,Montreal,CA,2024-11-21
429,Wei Lopez,,Glasgow,United Kingdom,2018-04-09
430,Reese Flores,reese.flores430@example.com,Berlin,DE,2020-04-04
431,Jamie Allen,jamie.allen431@example.com,Los Angeles,U.S.A.,2018-04-30
432,Priya Walker,priya.walker432@example.com,Liverpool,United Kingdom,2021-10-04
433,Taylor King,,Ottawa,CA,2024-06-23
434,Micah Jones,micah.jones434@example.com,Toronto,canada,2024-05-27
435,Jamie Lee,jamie.lee435@example.com,Calgary,Canada,2021-05-24
436,Jordan Gonzalez,jordan.gonzalez436@example.com,Cologne,Germany,2021-10-25
437,Kai Martinez,kai.martinez437@example.com,Boston,usa,2023-11-10
438,Lena Garcia,lena.garcia438@example.com,Los Angeles,us,2021-07-02
439,Harper Moore,HARPER.MOORE439@EXAMPLE.COM,Berlin,DE,2024-12-26
440,Yuki Lee,yuki.lee440@example.com,Ottawa,Canada,2024-01-24
441,Taylor Miller,taylor.miller441@example.com,Seattle,United States,2023-01-01
442,Aisha Garcia,aisha.garcia442@example.com,Cologne,germany,2019-02-03
443,Zion Walker,zion.walker443@example.com,Birmingham,uk,2021-09-15
444,Sam Jones,sam.jones444@example.com,Calgary,canada,2024-06-11
445,Riley Lee,riley.lee445@example.com,Phoenix,us,2020-09-25
446,Logan Wilson,logan.wilson446@example.com,Perth,australia,2019-12-10
447,Ingrid Young,ingrid.young447@example.com,Perth,australia,2022-07-21
448,Parker Lee,parker.lee448@example.com,Los Angeles,usa,2018-01-01
449,Harper Harris,harper.harris449@example.com,Munich,germany,2021-06-01
450,Micah Garcia,micah.garcia450@example.com,Adelaide,australia,02/27/2024
451,Micah Davis,micah.davis451@example.com,Houston,United States,2022-04-17
452,Cameron Walker,cameron.walker452@example.com,Perth,australia,2019-05-30
453,Wei Ramirez,wei.ramirez453@example.com,Manchester,United Kingdom,2024-10-11
454,Toby Scott,toby.scott454@example.com,Hamburg,germany,2020-08-27
455,Ingrid White,ingrid.white455@example.com,Austin,United States,2018-11-24
456,Finley Robinson,finley.robinson456@example.com,Adelaide,Australia,2018-11-16
457,Diego Brown,diego.brown457@example.com,Sydney,australia,2021-09-19
458,Harper Hernandez,harper.hernandez458@example.com,Brisbane,AU,2024-06-26
459,Diego Johnson,diego.johnson459@example.com,Chicago,us,2024-11-27
460,Avery Hill,avery.hill460@example.com,Melbourne,AU,2020-08-25
461,Logan Garcia,logan.garcia461@example.com,Melbourne,australia,2022-12-08
462,Micah Brown,micah.brown462@example.com,New York,usa,2023-12-22
463,Emerson Martinez,emerson.martinez463@example.com,Berlin,DE,12/12/2023
464,Micah Ramirez,micah.ramirez464@example.com,Montreal,canada,2022-05-22
465,Hiro Gonzalez,HIRO.GONZALEZ465@EXAMPLE.COM,Edinburgh,UK,2019-02-05
466,Harper Taylor,harper.taylor466@example.com,Austin,USA,2020-06-07
467,Avery Garcia,avery.garcia467@example.com,Bristol,United Kingdom,2023-03-28
468,Finley Ramirez,finley.ramirez468@example.com,Montreal,Canada,2022-05-11
469,Emerson Lopez,emerson.lopez469@example.com,Munich,Deutschland,2022-11-02
470,Emerson Miller,emerson.miller470example.com,Austin,U.S.A.,2023-08-01
471,Parker Moore,,Calgary,CA,2023-07-03
472,Morgan Wright,morgan.wright472@example.com,Frankfurt,Germany,2021-05-25
473,Casey White,casey.white473@example.com,Toronto,canada,2024-03-21
474,Parker Miller,parker.miller474@example.com,Calgary,Canada,2018-05-27
475,Wei Harris,wei.harris475@example.com,Brisbane,australia,2018-03-09
476,Jordan Sanchez,jordan.sanchez476@example.com,Perth,AU,08/12/2020
477,Sam Walker,sam.walker477@example.com,Sydney,Australia,2018-07-24
478,Diego Hernandez,diego.hernandez478@example.com,Los Angeles,USA,2020-04-10
479,River Lee,river.lee479@example.com,Adelaide,Australia,2018-07-06
480,Skyler Clark,skyler.clark480@example.com,Ottawa,Canada,2019-02-14
481,Drew Johnson,drew.johnson481@example.com,New York,USA,2021-03-08
482,Quinn Wilson,quinn.wilson482@example.com,Ottawa,canada,2018-06-04
483,Casey Martin,casey.martin483@example.com,Boston,usa,2024-12-10
484,Rowan Robinson,rowan.robinson484@example.com,Glasgow,UK,2023-04-28
485,Taylor White,taylor.white485@example.com,Hamburg,DE,2019-03-04
486,Sam Young,sam.young486@example.com,Houston,United States,2021-08-27
487,Sage Clark,sage.clark487@example.com,Munich,Germany,2019-08-17
488,Noel Rodriguez,noel.rodriguez488@example.com,Edinburgh,uk,2018-09-02
489,Shay Hernandez,shay.hernandez489@example.com,Glasgow,United Kingdom,2019-11-28
490,Shay King,shay.king490@example.com,Liverpool,U.K.,2020-10-07
491,Hiro Martinez,,Seattle,USA,2023-04-12
492,River Walker,RIVER.WALKER492@EXAMPLE.COM,Denver,United States,2022-07-24
493,Casey Johnson,casey.johnson493@example.com,Vancouver,CA,2023-02-07
494,Cameron White,cameron.white494@example.com,Los Angeles,United States,2022-10-11
495,Ingrid Wilson,ingrid.wilson495@example.com,Austin,U.S.A.,2022-01-30
496,Diego Williams,diego.williams496@example.com,Manchester,United Kingdom,2023-05-14
497,Reese Anderson,reese.anderson497@example.com,Ottawa,CA,2023-01-28
498,Aisha Wright,aisha.wright498@example.com,Cologne,DE,2018-09-26
499,River Lopez,river.lopez499@example.com,Los Angeles,usa,2020-04-16
500,Aisha Rodriguez,aisha.rodriguez500@example.com,Frankfurt,Germany,2020-08-09
